dataset,horizon,DAG_mse,SWAN_V3_FINAL_current_best_mse,delta_best_minus_DAG,winner_by_mse,best_from_model,best_source_file,DAG_source_file,final_params_json
BE,24,0.3611011876,0.3641438739,0.0030426863,DAG,SWAN_V3_TUNE_R4,E:/Project/TimeSeq/DAG/result/BE/SWAN_V3_TUNE_R4/BE_h24_A/test_report.1775632102.autodl-container-98a74c9ae6-8384db31.1776.csv,E:/Project/TimeSeq/DAG/result/BE/DAG/test_report.1774685455.DESKTOP-FQEO3JL.33428.csv,"{""adaptive_alpha"": true, ""alpha"": 0.7, ""alpha_hidden"": 16, ""batch_size"": 64, ""d_ff"": 256, ""d_model"": 64, ""density_lambda"": 0.08, ""dropout"": 0.0, ""dynamic_sparse"": true, ""e_layers"": 1, ""freq_use_phase"": true, ""horizon"": 24, ""loss"": ""MAE"", ""lr"": 0.0001, ""lradj"": ""type3"", ""n_heads"": 4, ""norm"": true, ""num_epochs"": 50, ""patch_len"": 8, ""patience"": 5, ""phase_weight"": 0.3, ""seq_len"": 168, ""sparse_beta_max"": 1.0, ""sparse_beta_min"": 0.2, ""sparse_plateau_patience"": 100, ""sparse_step_down"": 0.02, ""sparse_step_up"": 0.05, ""sparse_warmup_steps"": 500, ""stride"": 8, ""target_mask_density"": 0.35, ""use_c"": 1, ""use_c_exog"": 1, ""use_t"": 1, ""use_t_exog"": 1, ""weight_gate_floor"": 0.05, ""weight_gate_sharpness"": 8.0}"
BE,360,0.4856566374,0.5141452297,0.0284885923,DAG,SWAN_V3,E:/Project/TimeSeq/DAG/result/BE/SWAN_V3/test_report.1775478521.autodl-container-98a74c9ae6-8384db31.15974.csv,E:/Project/TimeSeq/DAG/result/BE/DAG/test_report.1774685592.DESKTOP-FQEO3JL.18800.csv,"{""adaptive_alpha"": true, ""alpha"": 0.7, ""alpha_hidden"": 16, ""batch_size"": 64, ""d_ff"": 256, ""d_model"": 64, ""density_lambda"": 0.08, ""dropout"": 0.0, ""dynamic_sparse"": true, ""e_layers"": 1, ""freq_use_phase"": true, ""horizon"": 360, ""loss"": ""MAE"", ""lr"": 0.0001, ""lradj"": ""type3"", ""n_heads"": 4, ""norm"": true, ""num_epochs"": 50, ""patch_len"": 8, ""patience"": 5, ""phase_weight"": 0.3, ""seq_len"": 720, ""sparse_beta_max"": 1.0, ""sparse_beta_min"": 0.2, ""sparse_plateau_patience"": 100, ""sparse_step_down"": 0.02, ""sparse_step_up"": 0.05, ""sparse_warmup_steps"": 500, ""stride"": 8, ""target_mask_density"": 0.35, ""use_c"": 1, ""use_c_exog"": 1, ""use_t"": 1, ""use_t_exog"": 1, ""weight_gate_floor"": 0.05, ""weight_gate_sharpness"": 8.0}"
Colbun,10,0.0591918464,0.0532078046,-0.0059840418,SWAN_V3_FINAL_BEST,SWAN_V3_TUNE,E:/Project/TimeSeq/DAG/result/Colbun/SWAN_V3_TUNE/test_report.1775552963.autodl-container-8d624e9d85-a6740c46.24165.csv,E:/Project/TimeSeq/DAG/result/Colbun/DAG/test_report.1774686847.DESKTOP-FQEO3JL.3284.csv,"{""adaptive_alpha"": true, ""alpha"": 0.9, ""alpha_hidden"": 16, ""batch_size"": 64, ""d_ff"": 64, ""d_model"": 128, ""density_lambda"": 0.04, ""dropout"": 0.0, ""dynamic_sparse"": true, ""e_layers"": 1, ""freq_use_phase"": true, ""horizon"": 10, ""loss"": ""MAE"", ""lr"": 0.001, ""lradj"": ""type3"", ""n_heads"": 4, ""norm"": true, ""num_epochs"": 80, ""patch_len"": 30, ""patience"": 10, ""phase_weight"": 0.15, ""seq_len"": 60, ""sparse_beta_max"": 1.0, ""sparse_beta_min"": 0.2, ""sparse_plateau_patience"": 100, ""sparse_step_down"": 0.02, ""sparse_step_up"": 0.05, ""sparse_warmup_steps"": 200, ""stride"": 30, ""target_mask_density"": 0.5, ""use_c"": 1, ""use_c_exog"": 1, ""use_t"": 1, ""use_t_exog"": 1, ""weight_gate_floor"": 0.03, ""weight_gate_sharpness"": 8.0}"
Colbun,30,0.1803532354,0.1979170673,0.0175638319,DAG,SWAN_V3_TUNE_R3,E:/Project/TimeSeq/DAG/result/Colbun/SWAN_V3_TUNE_R3/Colbun_h30_B/test_report.1775621467.autodl-container-98a74c9ae6-8384db31.2936.csv,E:/Project/TimeSeq/DAG/result/Colbun/DAG/test_report.1774686865.DESKTOP-FQEO3JL.23268.csv,"{""adaptive_alpha"": true, ""alpha"": 0.9, ""alpha_hidden"": 16, ""batch_size"": 64, ""d_ff"": 64, ""d_model"": 64, ""density_lambda"": 0.01, ""dropout"": 0.0, ""dynamic_sparse"": false, ""e_layers"": 1, ""freq_use_phase"": true, ""horizon"": 30, ""loss"": ""MAE"", ""lr"": 0.0005, ""lradj"": ""type3"", ""n_heads"": 4, ""norm"": true, ""num_epochs"": 120, ""patch_len"": 30, ""patience"": 15, ""phase_weight"": 0.08, ""seq_len"": 180, ""sparse_beta_max"": 1.0, ""sparse_beta_min"": 0.2, ""sparse_plateau_patience"": 100, ""sparse_step_down"": 0.02, ""sparse_step_up"": 0.05, ""sparse_warmup_steps"": 200, ""stride"": 30, ""target_mask_density"": 0.7, ""use_c"": 1, ""use_c_exog"": 1, ""use_t"": 1, ""use_t_exog"": 1, ""weight_gate_floor"": 0.03, ""weight_gate_sharpness"": 8.0}"
DE,24,0.2826837267,0.2888426729,0.0061589462,DAG,SWAN_V3,E:/Project/TimeSeq/DAG/result/DE/SWAN_V3/test_report.1775480758.autodl-container-98a74c9ae6-8384db31.23185.csv,E:/Project/TimeSeq/DAG/result/DE/DAG/test_report.1774686307.DESKTOP-FQEO3JL.34400.csv,"{""adaptive_alpha"": true, ""alpha"": 0.7, ""alpha_hidden"": 16, ""batch_size"": 64, ""d_ff"": 64, ""d_model"": 128, ""density_lambda"": 0.08, ""dropout"": 0.0, ""dynamic_sparse"": true, ""e_layers"": 1, ""freq_use_phase"": true, ""horizon"": 24, ""loss"": ""MAE"", ""lr"": 0.001, ""lradj"": ""type3"", ""n_heads"": 4, ""norm"": true, ""num_epochs"": 50, ""patch_len"": 48, ""patience"": 5, ""phase_weight"": 0.3, ""seq_len"": 168, ""sparse_beta_max"": 1.0, ""sparse_beta_min"": 0.2, ""sparse_plateau_patience"": 100, ""sparse_step_down"": 0.02, ""sparse_step_up"": 0.05, ""sparse_warmup_steps"": 500, ""stride"": 48, ""target_mask_density"": 0.35, ""use_c"": 1, ""use_c_exog"": 1, ""use_t"": 1, ""use_t_exog"": 1, ""weight_gate_floor"": 0.05, ""weight_gate_sharpness"": 8.0}"
DE,360,0.4613223073,0.4599911459,-0.0013311615,SWAN_V3_FINAL_BEST,SWAN_V3_TUNE,E:/Project/TimeSeq/DAG/result/DE/SWAN_V3_TUNE/test_report.1775551550.autodl-container-8d624e9d85-a6740c46.17273.csv,E:/Project/TimeSeq/DAG/result/DE/DAG/test_report.1774686400.DESKTOP-FQEO3JL.18420.csv,"{""adaptive_alpha"": true, ""alpha"": 0.7, ""alpha_hidden"": 16, ""batch_size"": 64, ""d_ff"": 64, ""d_model"": 128, ""density_lambda"": 0.05, ""dropout"": 0.0, ""dynamic_sparse"": true, ""e_layers"": 1, ""freq_use_phase"": true, ""horizon"": 360, ""loss"": ""MAE"", ""lr"": 0.001, ""lradj"": ""type3"", ""n_heads"": 4, ""norm"": true, ""num_epochs"": 100, ""patch_len"": 48, ""patience"": 10, ""phase_weight"": 0.2, ""seq_len"": 720, ""sparse_beta_max"": 1.0, ""sparse_beta_min"": 0.2, ""sparse_plateau_patience"": 100, ""sparse_step_down"": 0.02, ""sparse_step_up"": 0.05, ""sparse_warmup_steps"": 500, ""stride"": 48, ""target_mask_density"": 0.5, ""use_c"": 1, ""use_c_exog"": 1, ""use_t"": 1, ""use_t_exog"": 1, ""weight_gate_floor"": 0.03, ""weight_gate_sharpness"": 8.0}"
ETTh1,96,0.0848596725,0.0836568598,-0.0012028127,SWAN_V3_FINAL_BEST,SWAN_V3_TUNE,E:/Project/TimeSeq/DAG/result/ETTh1/SWAN_V3_TUNE/test_report.1775547277.autodl-container-8d624e9d85-a6740c46.2224.csv,E:/Project/TimeSeq/DAG/result/ETTh1/DAG/test_report.1774687015.DESKTOP-FQEO3JL.14108.csv,"{""adaptive_alpha"": true, ""alpha"": 0.95, ""alpha_hidden"": 16, ""batch_size"": 64, ""d_ff"": 512, ""d_model"": 1024, ""density_lambda"": 0.06, ""dropout"": 0.1, ""dynamic_sparse"": true, ""e_layers"": 2, ""freq_use_phase"": true, ""horizon"": 96, ""loss"": ""MAE"", ""lr"": 0.0001, ""lradj"": ""type3"", ""n_heads"": 2, ""norm"": true, ""num_epochs"": 100, ""patch_len"": 24, ""patience"": 12, ""phase_weight"": 0.45, ""seq_len"": 96, ""sparse_beta_max"": 1.0, ""sparse_beta_min"": 0.2, ""sparse_plateau_patience"": 100, ""sparse_step_down"": 0.02, ""sparse_step_up"": 0.05, ""sparse_warmup_steps"": 500, ""stride"": 24, ""target_mask_density"": 0.4, ""use_c"": 1, ""use_c_exog"": 1, ""use_t"": 1, ""use_t_exog"": 1, ""weight_gate_floor"": 0.04, ""weight_gate_sharpness"": 8.0}"
ETTh1,192,0.1473986131,0.1065995140,-0.0407990991,SWAN_V3_FINAL_BEST,SWAN_V3,E:/Project/TimeSeq/DAG/result/ETTh1/SWAN_V3/test_report.1775476421.autodl-container-98a74c9ae6-8384db31.6322.csv,E:/Project/TimeSeq/DAG/result/ETTh1/DAG/test_report.1774687182.DESKTOP-FQEO3JL.24328.csv,"{""adaptive_alpha"": true, ""alpha"": 0.95, ""alpha_hidden"": 16, ""batch_size"": 64, ""d_ff"": 512, ""d_model"": 1024, ""density_lambda"": 0.08, ""dropout"": 0.1, ""dynamic_sparse"": true, ""e_layers"": 2, ""freq_use_phase"": true, ""horizon"": 192, ""loss"": ""MAE"", ""lr"": 0.0001, ""lradj"": ""type3"", ""n_heads"": 2, ""norm"": true, ""num_epochs"": 50, ""patch_len"": 24, ""patience"": 5, ""phase_weight"": 0.6, ""seq_len"": 96, ""sparse_beta_max"": 1.0, ""sparse_beta_min"": 0.2, ""sparse_plateau_patience"": 100, ""sparse_step_down"": 0.02, ""sparse_step_up"": 0.05, ""sparse_warmup_steps"": 500, ""target_mask_density"": 0.32, ""use_c"": 1, ""use_c_exog"": 1, ""use_t"": 1, ""use_t_exog"": 1, ""weight_gate_floor"": 0.05, ""weight_gate_sharpness"": 8.0}"
ETTh1,336,0.1240239038,0.1109826337,-0.0130412701,SWAN_V3_FINAL_BEST,SWAN_V3_TUNE,E:/Project/TimeSeq/DAG/result/ETTh1/SWAN_V3_TUNE/test_report.1775549238.autodl-container-8d624e9d85-a6740c46.9456.csv,E:/Project/TimeSeq/DAG/result/ETTh1/DAG/test_report.1774687369.DESKTOP-FQEO3JL.21184.csv,"{""adaptive_alpha"": true, ""alpha"": 0.95, ""alpha_hidden"": 16, ""batch_size"": 64, ""d_ff"": 512, ""d_model"": 1024, ""density_lambda"": 0.06, ""dropout"": 0.1, ""dynamic_sparse"": true, ""e_layers"": 2, ""freq_use_phase"": true, ""horizon"": 336, ""loss"": ""MAE"", ""lr"": 0.0001, ""lradj"": ""type3"", ""n_heads"": 2, ""norm"": true, ""num_epochs"": 100, ""patch_len"": 24, ""patience"": 12, ""phase_weight"": 0.45, ""seq_len"": 96, ""sparse_beta_max"": 1.0, ""sparse_beta_min"": 0.2, ""sparse_plateau_patience"": 100, ""sparse_step_down"": 0.02, ""sparse_step_up"": 0.05, ""sparse_warmup_steps"": 500, ""stride"": 24, ""target_mask_density"": 0.4, ""use_c"": 1, ""use_c_exog"": 1, ""use_t"": 1, ""use_t_exog"": 1, ""weight_gate_floor"": 0.04, ""weight_gate_sharpness"": 8.0}"
ETTh1,720,0.1830004055,0.1289341277,-0.0540662778,SWAN_V3_FINAL_BEST,SWAN_V3,E:/Project/TimeSeq/DAG/result/ETTh1/SWAN_V3/test_report.1775476607.autodl-container-98a74c9ae6-8384db31.7681.csv,E:/Project/TimeSeq/DAG/result/ETTh1/DAG/test_report.1774687575.DESKTOP-FQEO3JL.30752.csv,"{""adaptive_alpha"": true, ""alpha"": 0.95, ""alpha_hidden"": 16, ""batch_size"": 64, ""d_ff"": 512, ""d_model"": 1024, ""density_lambda"": 0.08, ""dropout"": 0.1, ""dynamic_sparse"": true, ""e_layers"": 2, ""freq_use_phase"": true, ""horizon"": 720, ""loss"": ""MAE"", ""lr"": 0.0001, ""lradj"": ""type3"", ""n_heads"": 2, ""norm"": true, ""num_epochs"": 50, ""patch_len"": 24, ""patience"": 5, ""phase_weight"": 0.6, ""seq_len"": 96, ""sparse_beta_max"": 1.0, ""sparse_beta_min"": 0.2, ""sparse_plateau_patience"": 100, ""sparse_step_down"": 0.02, ""sparse_step_up"": 0.05, ""sparse_warmup_steps"": 500, ""target_mask_density"": 0.32, ""use_c"": 1, ""use_c_exog"": 1, ""use_t"": 1, ""use_t_exog"": 1, ""weight_gate_floor"": 0.05, ""weight_gate_sharpness"": 8.0}"
ETTh2,96,0.2472690514,0.2136062723,-0.0336627791,SWAN_V3_FINAL_BEST,SWAN_V3_TUNE,E:/Project/TimeSeq/DAG/result/ETTh2/SWAN_V3_TUNE/test_report.1775553170.autodl-container-8d624e9d85-a6740c46.25412.csv,E:/Project/TimeSeq/DAG/result/ETTh2/DAG/test_report.1774687606.DESKTOP-FQEO3JL.32800.csv,"{""adaptive_alpha"": true, ""alpha"": 1, ""alpha_hidden"": 16, ""batch_size"": 64, ""d_ff"": 512, ""d_model"": 256, ""density_lambda"": 0.04, ""dropout"": 0.2, ""dynamic_sparse"": false, ""e_layers"": 1, ""freq_use_phase"": true, ""horizon"": 96, ""loss"": ""MAE"", ""lr"": 0.0001, ""lradj"": ""type3"", ""n_heads"": 4, ""norm"": true, ""num_epochs"": 100, ""patch_len"": 24, ""patience"": 12, ""phase_weight"": 0.2, ""seq_len"": 96, ""sparse_beta_max"": 1.0, ""sparse_beta_min"": 0.2, ""sparse_plateau_patience"": 100, ""sparse_step_down"": 0.02, ""sparse_step_up"": 0.05, ""sparse_warmup_steps"": 500, ""stride"": 24, ""target_mask_density"": 0.55, ""use_c"": 1, ""use_c_exog"": 1, ""use_t"": 1, ""use_t_exog"": 1, ""weight_gate_floor"": 0.03, ""weight_gate_sharpness"": 8.0}"
ETTh2,192,0.2812976868,0.2549232754,-0.0263744114,SWAN_V3_FINAL_BEST,SWAN_V3,E:/Project/TimeSeq/DAG/result/ETTh2/SWAN_V3/test_report.1775476814.autodl-container-98a74c9ae6-8384db31.8892.csv,E:/Project/TimeSeq/DAG/result/ETTh2/DAG/test_report.1774687675.DESKTOP-FQEO3JL.27772.csv,"{""adaptive_alpha"": true, ""alpha"": 1, ""alpha_hidden"": 16, ""batch_size"": 64, ""d_ff"": 512, ""d_model"": 256, ""density_lambda"": 0.08, ""dropout"": 0.2, ""dynamic_sparse"": true, ""e_layers"": 1, ""freq_use_phase"": true, ""horizon"": 192, ""loss"": ""MAE"", ""lr"": 0.0001, ""lradj"": ""type3"", ""n_heads"": 4, ""norm"": true, ""num_epochs"": 50, ""patch_len"": 24, ""patience"": 5, ""phase_weight"": 0.3, ""seq_len"": 96, ""sparse_beta_max"": 1.0, ""sparse_beta_min"": 0.2, ""sparse_plateau_patience"": 100, ""sparse_step_down"": 0.02, ""sparse_step_up"": 0.05, ""sparse_warmup_steps"": 500, ""target_mask_density"": 0.35, ""use_c"": 1, ""use_c_exog"": 1, ""use_t"": 1, ""use_t_exog"": 1, ""weight_gate_floor"": 0.05, ""weight_gate_sharpness"": 8.0}"
ETTh2,336,0.3239410445,0.3034721278,-0.0204689166,SWAN_V3_FINAL_BEST,SWAN_V3_TUNE,E:/Project/TimeSeq/DAG/result/ETTh2/SWAN_V3_TUNE/test_report.1775554601.autodl-container-8d624e9d85-a6740c46.30624.csv,E:/Project/TimeSeq/DAG/result/ETTh2/DAG/test_report.1774687714.DESKTOP-FQEO3JL.33160.csv,"{""adaptive_alpha"": true, ""alpha"": 1, ""alpha_hidden"": 16, ""batch_size"": 64, ""d_ff"": 512, ""d_model"": 256, ""density_lambda"": 0.04, ""dropout"": 0.2, ""dynamic_sparse"": false, ""e_layers"": 1, ""freq_use_phase"": true, ""horizon"": 336, ""loss"": ""MAE"", ""lr"": 0.0001, ""lradj"": ""type3"", ""n_heads"": 4, ""norm"": true, ""num_epochs"": 100, ""patch_len"": 24, ""patience"": 12, ""phase_weight"": 0.2, ""seq_len"": 96, ""sparse_beta_max"": 1.0, ""sparse_beta_min"": 0.2, ""sparse_plateau_patience"": 100, ""sparse_step_down"": 0.02, ""sparse_step_up"": 0.05, ""sparse_warmup_steps"": 500, ""stride"": 24, ""target_mask_density"": 0.55, ""use_c"": 1, ""use_c_exog"": 1, ""use_t"": 1, ""use_t_exog"": 1, ""weight_gate_floor"": 0.03, ""weight_gate_sharpness"": 8.0}"
ETTh2,720,0.4514175937,0.4879047266,0.0364871329,DAG,SWAN_V3_TUNE_R4,E:/Project/TimeSeq/DAG/result/ETTh2/SWAN_V3_TUNE_R4/ETTh2_h720_B/test_report.1775639064.autodl-container-98a74c9ae6-8384db31.29898.csv,E:/Project/TimeSeq/DAG/result/ETTh2/DAG/test_report.1774687752.DESKTOP-FQEO3JL.9904.csv,"{""adaptive_alpha"": true, ""alpha"": 1, ""alpha_hidden"": 16, ""batch_size"": 64, ""d_ff"": 512, ""d_model"": 256, ""density_lambda"": 0.04, ""dropout"": 0.2, ""dynamic_sparse"": false, ""e_layers"": 1, ""freq_use_phase"": true, ""horizon"": 720, ""loss"": ""MAE"", ""lr"": 0.0001, ""lradj"": ""type3"", ""n_heads"": 4, ""norm"": true, ""num_epochs"": 100, ""patch_len"": 24, ""patience"": 12, ""phase_weight"": 0.2, ""seq_len"": 96, ""sparse_beta_max"": 1.0, ""sparse_beta_min"": 0.2, ""sparse_plateau_patience"": 100, ""sparse_step_down"": 0.02, ""sparse_step_up"": 0.05, ""sparse_warmup_steps"": 500, ""stride"": 24, ""target_mask_density"": 0.55, ""use_c"": 1, ""use_c_exog"": 1, ""use_t"": 1, ""use_t_exog"": 1, ""weight_gate_floor"": 0.03, ""weight_gate_sharpness"": 8.0}"
ETTm1,96,0.0440786736,0.0420710961,-0.0020075775,SWAN_V3_FINAL_BEST,SWAN_V3,E:/Project/TimeSeq/DAG/result/ETTm1/SWAN_V3/test_report.1775477791.autodl-container-98a74c9ae6-8384db31.11447.csv,E:/Project/TimeSeq/DAG/result/ETTm1/DAG/test_report.1774688651.DESKTOP-FQEO3JL.28356.csv,"{""adaptive_alpha"": true, ""alpha"": 1, ""alpha_hidden"": 16, ""batch_size"": 64, ""d_ff"": 512, ""d_model"": 256, ""density_lambda"": 0.08, ""dropout"": 0.3, ""dynamic_sparse"": true, ""e_layers"": 3, ""freq_use_phase"": true, ""horizon"": 96, ""loss"": ""MAE"", ""lr"": 1e-05, ""lradj"": ""type3"", ""n_heads"": 16, ""norm"": true, ""num_epochs"": 50, ""patch_len"": 24, ""patience"": 5, ""phase_weight"": 0.3, ""seq_len"": 96, ""sparse_beta_max"": 1.0, ""sparse_beta_min"": 0.2, ""sparse_plateau_patience"": 100, ""sparse_step_down"": 0.02, ""sparse_step_up"": 0.05, ""sparse_warmup_steps"": 500, ""target_mask_density"": 0.35, ""use_c"": 1, ""use_c_exog"": 1, ""use_t"": 1, ""use_t_exog"": 1, ""weight_gate_floor"": 0.05, ""weight_gate_sharpness"": 8.0}"
ETTm1,192,0.0723788946,0.0692479719,-0.0031309228,SWAN_V3_FINAL_BEST,SWAN_V3,E:/Project/TimeSeq/DAG/result/ETTm1/SWAN_V3/test_report.1775478471.autodl-container-98a74c9ae6-8384db31.14422.csv,E:/Project/TimeSeq/DAG/result/ETTm1/DAG/test_report.1774689211.DESKTOP-FQEO3JL.1036.csv,"{""adaptive_alpha"": true, ""alpha"": 1, ""alpha_hidden"": 16, ""batch_size"": 64, ""d_ff"": 512, ""d_model"": 256, ""density_lambda"": 0.08, ""dropout"": 0.3, ""dynamic_sparse"": true, ""e_layers"": 3, ""freq_use_phase"": true, ""horizon"": 192, ""loss"": ""MAE"", ""lr"": 1e-05, ""lradj"": ""type3"", ""n_heads"": 16, ""norm"": true, ""num_epochs"": 50, ""patch_len"": 24, ""patience"": 5, ""phase_weight"": 0.3, ""seq_len"": 96, ""sparse_beta_max"": 1.0, ""sparse_beta_min"": 0.2, ""sparse_plateau_patience"": 100, ""sparse_step_down"": 0.02, ""sparse_step_up"": 0.05, ""sparse_warmup_steps"": 500, ""target_mask_density"": 0.35, ""use_c"": 1, ""use_c_exog"": 1, ""use_t"": 1, ""use_t_exog"": 1, ""weight_gate_floor"": 0.05, ""weight_gate_sharpness"": 8.0}"
ETTm1,336,0.1048561719,0.0914640734,-0.0133920985,SWAN_V3_FINAL_BEST,SWAN_V3,E:/Project/TimeSeq/DAG/result/ETTm1/SWAN_V3/test_report.1775479607.autodl-container-98a74c9ae6-8384db31.17553.csv,E:/Project/TimeSeq/DAG/result/ETTm1/DAG/test_report.1774689961.DESKTOP-FQEO3JL.2908.csv,"{""adaptive_alpha"": true, ""alpha"": 1, ""alpha_hidden"": 16, ""batch_size"": 64, ""d_ff"": 512, ""d_model"": 256, ""density_lambda"": 0.08, ""dropout"": 0.3, ""dynamic_sparse"": true, ""e_layers"": 3, ""freq_use_phase"": true, ""horizon"": 336, ""loss"": ""MAE"", ""lr"": 1e-05, ""lradj"": ""type3"", ""n_heads"": 16, ""norm"": true, ""num_epochs"": 50, ""patch_len"": 24, ""patience"": 5, ""phase_weight"": 0.3, ""seq_len"": 96, ""sparse_beta_max"": 1.0, ""sparse_beta_min"": 0.2, ""sparse_plateau_patience"": 100, ""sparse_step_down"": 0.02, ""sparse_step_up"": 0.05, ""sparse_warmup_steps"": 500, ""target_mask_density"": 0.35, ""use_c"": 1, ""use_c_exog"": 1, ""use_t"": 1, ""use_t_exog"": 1, ""weight_gate_floor"": 0.05, ""weight_gate_sharpness"": 8.0}"
ETTm1,720,0.1489703721,0.1277507773,-0.0212195949,SWAN_V3_FINAL_BEST,SWAN_V3_TUNE,E:/Project/TimeSeq/DAG/result/ETTm1/SWAN_V3_TUNE/test_report.1775551052.autodl-container-8d624e9d85-a6740c46.14705.csv,E:/Project/TimeSeq/DAG/result/ETTm1/DAG/test_report.1774690341.DESKTOP-FQEO3JL.34012.csv,"{""adaptive_alpha"": true, ""alpha"": 1, ""alpha_hidden"": 16, ""batch_size"": 64, ""d_ff"": 512, ""d_model"": 256, ""density_lambda"": 0.06, ""dropout"": 0.3, ""dynamic_sparse"": true, ""e_layers"": 3, ""freq_use_phase"": true, ""horizon"": 720, ""loss"": ""MAE"", ""lr"": 1e-05, ""lradj"": ""type3"", ""n_heads"": 16, ""norm"": true, ""num_epochs"": 100, ""patch_len"": 24, ""patience"": 12, ""phase_weight"": 0.45, ""seq_len"": 96, ""sparse_beta_max"": 1.0, ""sparse_beta_min"": 0.2, ""sparse_plateau_patience"": 100, ""sparse_step_down"": 0.02, ""sparse_step_up"": 0.05, ""sparse_warmup_steps"": 500, ""stride"": 24, ""target_mask_density"": 0.4, ""use_c"": 1, ""use_c_exog"": 1, ""use_t"": 1, ""use_t_exog"": 1, ""weight_gate_floor"": 0.04, ""weight_gate_sharpness"": 8.0}"
ETTm2,96,0.1071901677,0.1055930908,-0.0015970769,SWAN_V3_FINAL_BEST,SWAN_V3_TUNE_R4,E:/Project/TimeSeq/DAG/result/ETTm2/SWAN_V3_TUNE_R4/ETTm2_h96_B/test_report.1775640759.autodl-container-98a74c9ae6-8384db31.32914.csv,E:/Project/TimeSeq/DAG/result/ETTm2/DAG/test_report.1774690518.DESKTOP-FQEO3JL.2688.csv,"{""adaptive_alpha"": true, ""alpha"": 1, ""alpha_hidden"": 16, ""batch_size"": 64, ""d_ff"": 512, ""d_model"": 256, ""density_lambda"": 0.08, ""dropout"": 0.2, ""dynamic_sparse"": true, ""e_layers"": 2, ""freq_use_phase"": true, ""horizon"": 96, ""loss"": ""MAE"", ""lr"": 0.001, ""lradj"": ""type3"", ""n_heads"": 4, ""norm"": true, ""num_epochs"": 50, ""patch_len"": 24, ""patience"": 5, ""phase_weight"": 0.3, ""seq_len"": 96, ""sparse_beta_max"": 1.0, ""sparse_beta_min"": 0.2, ""sparse_plateau_patience"": 100, ""sparse_step_down"": 0.02, ""sparse_step_up"": 0.05, ""sparse_warmup_steps"": 500, ""target_mask_density"": 0.35, ""use_c"": 1, ""use_c_exog"": 1, ""use_t"": 1, ""use_t_exog"": 1, ""weight_gate_floor"": 0.05, ""weight_gate_sharpness"": 8.0}"
ETTm2,192,0.1683240992,0.1681194662,-0.0002046331,SWAN_V3_FINAL_BEST,SWAN_V3,E:/Project/TimeSeq/DAG/result/ETTm2/SWAN_V3/test_report.1775481087.autodl-container-98a74c9ae6-8384db31.23932.csv,E:/Project/TimeSeq/DAG/result/ETTm2/DAG/test_report.1774690744.DESKTOP-FQEO3JL.33332.csv,"{""adaptive_alpha"": true, ""alpha"": 1, ""alpha_hidden"": 16, ""batch_size"": 64, ""d_ff"": 512, ""d_model"": 256, ""density_lambda"": 0.08, ""dropout"": 0.2, ""dynamic_sparse"": true, ""e_layers"": 2, ""freq_use_phase"": true, ""horizon"": 192, ""loss"": ""MAE"", ""lr"": 0.001, ""lradj"": ""type3"", ""n_heads"": 4, ""norm"": true, ""num_epochs"": 50, ""patch_len"": 24, ""patience"": 5, ""phase_weight"": 0.3, ""seq_len"": 96, ""sparse_beta_max"": 1.0, ""sparse_beta_min"": 0.2, ""sparse_plateau_patience"": 100, ""sparse_step_down"": 0.02, ""sparse_step_up"": 0.05, ""sparse_warmup_steps"": 500, ""target_mask_density"": 0.35, ""use_c"": 1, ""use_c_exog"": 1, ""use_t"": 1, ""use_t_exog"": 1, ""weight_gate_floor"": 0.05, ""weight_gate_sharpness"": 8.0}"
ETTm2,336,0.2493701694,0.2416555101,-0.0077146593,SWAN_V3_FINAL_BEST,SWAN_V3_TUNE,E:/Project/TimeSeq/DAG/result/ETTm2/SWAN_V3_TUNE/test_report.1775555085.autodl-container-8d624e9d85-a6740c46.31461.csv,E:/Project/TimeSeq/DAG/result/ETTm2/DAG/test_report.1774691014.DESKTOP-FQEO3JL.13076.csv,"{""adaptive_alpha"": true, ""alpha"": 1, ""alpha_hidden"": 16, ""batch_size"": 64, ""d_ff"": 512, ""d_model"": 256, ""density_lambda"": 0.04, ""dropout"": 0.2, ""dynamic_sparse"": false, ""e_layers"": 2, ""freq_use_phase"": true, ""horizon"": 336, ""loss"": ""MAE"", ""lr"": 0.001, ""lradj"": ""type3"", ""n_heads"": 4, ""norm"": true, ""num_epochs"": 100, ""patch_len"": 24, ""patience"": 12, ""phase_weight"": 0.2, ""seq_len"": 96, ""sparse_beta_max"": 1.0, ""sparse_beta_min"": 0.2, ""sparse_plateau_patience"": 100, ""sparse_step_down"": 0.02, ""sparse_step_up"": 0.05, ""sparse_warmup_steps"": 500, ""stride"": 24, ""target_mask_density"": 0.55, ""use_c"": 1, ""use_c_exog"": 1, ""use_t"": 1, ""use_t_exog"": 1, ""weight_gate_floor"": 0.03, ""weight_gate_sharpness"": 8.0}"
ETTm2,720,0.3399180509,0.3271326244,-0.0127854265,SWAN_V3_FINAL_BEST,SWAN_V3_TUNE,E:/Project/TimeSeq/DAG/result/ETTm2/SWAN_V3_TUNE/test_report.1775555721.autodl-container-8d624e9d85-a6740c46.33286.csv,E:/Project/TimeSeq/DAG/result/ETTm2/DAG/test_report.1774691261.DESKTOP-FQEO3JL.26796.csv,"{""adaptive_alpha"": true, ""alpha"": 1, ""alpha_hidden"": 16, ""batch_size"": 64, ""d_ff"": 512, ""d_model"": 256, ""density_lambda"": 0.04, ""dropout"": 0.2, ""dynamic_sparse"": false, ""e_layers"": 2, ""freq_use_phase"": true, ""horizon"": 720, ""loss"": ""MAE"", ""lr"": 0.001, ""lradj"": ""type3"", ""n_heads"": 4, ""norm"": true, ""num_epochs"": 100, ""patch_len"": 24, ""patience"": 12, ""phase_weight"": 0.2, ""seq_len"": 96, ""sparse_beta_max"": 1.0, ""sparse_beta_min"": 0.2, ""sparse_plateau_patience"": 100, ""sparse_step_down"": 0.02, ""sparse_step_up"": 0.05, ""sparse_warmup_steps"": 500, ""stride"": 24, ""target_mask_density"": 0.55, ""use_c"": 1, ""use_c_exog"": 1, ""use_t"": 1, ""use_t_exog"": 1, ""weight_gate_floor"": 0.03, ""weight_gate_sharpness"": 8.0}"
Electricity,96,0.1598225203,0.1349973108,-0.0248252095,SWAN_V3_FINAL_BEST,SWAN_V3,E:/Project/TimeSeq/DAG/result/Electricity/SWAN_V3/test_report.1775482942.autodl-container-98a74c9ae6-8384db31.34313.csv,E:/Project/TimeSeq/DAG/result/Electricity/DAG/test_report.1774694782.DESKTOP-FQEO3JL.6392.csv,"{""adaptive_alpha"": true, ""alpha"": 0.5, ""alpha_hidden"": 16, ""batch_size"": 16, ""d_ff"": 512, ""d_model"": 256, ""density_lambda"": 0.08, ""dropout"": 0.0, ""dynamic_sparse"": true, ""e_layers"": 1, ""freq_use_phase"": true, ""horizon"": 96, ""loss"": ""MAE"", ""lr"": 0.0001, ""lradj"": ""type3"", ""n_heads"": 4, ""norm"": true, ""num_epochs"": 50, ""patch_len"": 24, ""patience"": 5, ""phase_weight"": 0.3, ""seq_len"": 96, ""sparse_beta_max"": 1.0, ""sparse_beta_min"": 0.2, ""sparse_plateau_patience"": 100, ""sparse_step_down"": 0.02, ""sparse_step_up"": 0.05, ""sparse_warmup_steps"": 500, ""target_mask_density"": 0.35, ""use_c"": 1, ""use_c_exog"": 1, ""use_t"": 1, ""use_t_exog"": 1, ""weight_gate_floor"": 0.05, ""weight_gate_sharpness"": 8.0}"
Electricity,192,0.1558732009,0.1666273833,0.0107541823,DAG,SWAN_V3_TUNE_R4,E:/Project/TimeSeq/DAG/result/Electricity/SWAN_V3_TUNE_R4/Electricity_h192_C/test_report.1775633245.autodl-container-98a74c9ae6-8384db31.2148.csv,E:/Project/TimeSeq/DAG/result/Electricity/DAG/test_report.1774695881.DESKTOP-FQEO3JL.12576.csv,"{""adaptive_alpha"": true, ""alpha"": 0.5, ""alpha_hidden"": 16, ""batch_size"": 16, ""d_ff"": 512, ""d_model"": 256, ""density_lambda"": 0.03, ""dropout"": 0.0, ""dynamic_sparse"": false, ""e_layers"": 1, ""freq_use_phase"": true, ""horizon"": 192, ""loss"": ""MAE"", ""lr"": 3e-05, ""lradj"": ""type3"", ""n_heads"": 4, ""norm"": true, ""num_epochs"": 150, ""patch_len"": 24, ""patience"": 20, ""phase_weight"": 0.18, ""seq_len"": 96, ""sparse_beta_max"": 1.0, ""sparse_beta_min"": 0.2, ""sparse_plateau_patience"": 100, ""sparse_step_down"": 0.02, ""sparse_step_up"": 0.05, ""sparse_warmup_steps"": 500, ""stride"": 24, ""target_mask_density"": 0.5, ""use_c"": 1, ""use_c_exog"": 1, ""use_t"": 1, ""use_t_exog"": 1, ""weight_gate_floor"": 0.03, ""weight_gate_sharpness"": 8.0}"
Energy,24,0.0789354985,0.0832100465,0.0042745479,DAG,SWAN_V3_TUNE_R4,E:/Project/TimeSeq/DAG/result/Energy/SWAN_V3_TUNE_R4/Energy_h24_B/test_report.1775633649.autodl-container-98a74c9ae6-8384db31.8157.csv,E:/Project/TimeSeq/DAG/result/Energy/DAG/test_report.1774686447.DESKTOP-FQEO3JL.30388.csv,"{""adaptive_alpha"": true, ""alpha"": 0.6, ""alpha_hidden"": 16, ""batch_size"": 64, ""d_ff"": 256, ""d_model"": 64, ""density_lambda"": 0.05, ""dropout"": 0.0, ""dynamic_sparse"": true, ""e_layers"": 1, ""freq_use_phase"": true, ""horizon"": 24, ""loss"": ""MAE"", ""lr"": 0.001, ""lradj"": ""type1"", ""n_heads"": 4, ""norm"": true, ""num_epochs"": 100, ""patch_len"": 48, ""patience"": 10, ""phase_weight"": 0.2, ""seq_len"": 168, ""sparse_beta_max"": 1.0, ""sparse_beta_min"": 0.2, ""sparse_plateau_patience"": 100, ""sparse_step_down"": 0.02, ""sparse_step_up"": 0.05, ""sparse_warmup_steps"": 500, ""stride"": 48, ""target_mask_density"": 0.5, ""use_c"": 1, ""use_c_exog"": 1, ""use_t"": 1, ""use_t_exog"": 1, ""weight_gate_floor"": 0.03, ""weight_gate_sharpness"": 8.0}"
Energy,360,0.1691370549,0.1847985394,0.0156614845,DAG,SWAN_V3_TUNE_R3,E:/Project/TimeSeq/DAG/result/Energy/SWAN_V3_TUNE_R3/Energy_h360_A/test_report.1775623893.autodl-container-98a74c9ae6-8384db31.8753.csv,E:/Project/TimeSeq/DAG/result/Energy/DAG/test_report.1774686506.DESKTOP-FQEO3JL.33948.csv,"{""adaptive_alpha"": true, ""alpha"": 0.6, ""alpha_hidden"": 16, ""batch_size"": 64, ""d_ff"": 256, ""d_model"": 64, ""density_lambda"": 0.05, ""dropout"": 0.0, ""dynamic_sparse"": true, ""e_layers"": 1, ""freq_use_phase"": true, ""horizon"": 360, ""loss"": ""MAE"", ""lr"": 0.0001, ""lradj"": ""type3"", ""n_heads"": 4, ""norm"": true, ""num_epochs"": 140, ""patch_len"": 48, ""patience"": 18, ""phase_weight"": 0.2, ""seq_len"": 720, ""sparse_beta_max"": 1.0, ""sparse_beta_min"": 0.2, ""sparse_plateau_patience"": 100, ""sparse_step_down"": 0.02, ""sparse_step_up"": 0.05, ""sparse_warmup_steps"": 600, ""stride"": 48, ""target_mask_density"": 0.5, ""use_c"": 1, ""use_c_exog"": 1, ""use_t"": 1, ""use_t_exog"": 1, ""weight_gate_floor"": 0.03, ""weight_gate_sharpness"": 8.0}"
Sdwpfm1,24,0.3452368121,0.3650472220,0.0198104099,DAG,SWAN_V3_TUNE_R4,E:/Project/TimeSeq/DAG/result/Sdwpfm1/SWAN_V3_TUNE_R4/Sdwpfm1_h24_B/test_report.1775635374.autodl-container-98a74c9ae6-8384db31.16746.csv,E:/Project/TimeSeq/DAG/result/Sdwpfm1/DAG/test_report.1774686562.DESKTOP-FQEO3JL.5904.csv,"{""adaptive_alpha"": true, ""alpha"": 0.3, ""alpha_hidden"": 16, ""batch_size"": 64, ""d_ff"": 64, ""d_model"": 64, ""density_lambda"": 0.08, ""dropout"": 0.0, ""dynamic_sparse"": true, ""e_layers"": 1, ""freq_use_phase"": true, ""horizon"": 24, ""loss"": ""MAE"", ""lr"": 0.001, ""lradj"": ""type3"", ""n_heads"": 4, ""norm"": true, ""num_epochs"": 50, ""patch_len"": 8, ""patience"": 5, ""phase_weight"": 0.3, ""seq_len"": 168, ""sparse_beta_max"": 1.0, ""sparse_beta_min"": 0.2, ""sparse_plateau_patience"": 100, ""sparse_step_down"": 0.02, ""sparse_step_up"": 0.05, ""sparse_warmup_steps"": 500, ""stride"": 8, ""target_mask_density"": 0.35, ""use_c"": 1, ""use_c_exog"": 1, ""use_t"": 1, ""use_t_exog"": 1, ""weight_gate_floor"": 0.05, ""weight_gate_sharpness"": 8.0}"
Sdwpfm1,360,0.4991882910,0.4826083809,-0.0165799101,SWAN_V3_FINAL_BEST,SWAN_V3,E:/Project/TimeSeq/DAG/result/Sdwpfm1/SWAN_V3/test_report.1775481491.autodl-container-98a74c9ae6-8384db31.28009.csv,E:/Project/TimeSeq/DAG/result/Sdwpfm1/DAG/test_report.1774686618.DESKTOP-FQEO3JL.31912.csv,"{""adaptive_alpha"": true, ""alpha"": 0.3, ""alpha_hidden"": 16, ""batch_size"": 64, ""d_ff"": 64, ""d_model"": 64, ""density_lambda"": 0.08, ""dropout"": 0.0, ""dynamic_sparse"": true, ""e_layers"": 1, ""freq_use_phase"": true, ""horizon"": 360, ""loss"": ""MAE"", ""lr"": 0.001, ""lradj"": ""type3"", ""n_heads"": 4, ""norm"": true, ""num_epochs"": 50, ""patch_len"": 8, ""patience"": 5, ""phase_weight"": 0.3, ""seq_len"": 720, ""sparse_beta_max"": 1.0, ""sparse_beta_min"": 0.2, ""sparse_plateau_patience"": 100, ""sparse_step_down"": 0.02, ""sparse_step_up"": 0.05, ""sparse_warmup_steps"": 500, ""stride"": 8, ""target_mask_density"": 0.35, ""use_c"": 1, ""use_c_exog"": 1, ""use_t"": 1, ""use_t_exog"": 1, ""weight_gate_floor"": 0.05, ""weight_gate_sharpness"": 8.0}"
Sdwpfm2,24,0.3719951306,0.3841835266,0.0121883960,DAG,SWAN_V3_TUNE,E:/Project/TimeSeq/DAG/result/Sdwpfm2/SWAN_V3_TUNE/test_report.1775552093.autodl-container-8d624e9d85-a6740c46.19709.csv,E:/Project/TimeSeq/DAG/result/Sdwpfm2/DAG/test_report.1774686666.DESKTOP-FQEO3JL.7844.csv,"{""adaptive_alpha"": true, ""alpha"": 0.1, ""alpha_hidden"": 16, ""batch_size"": 64, ""d_ff"": 512, ""d_model"": 64, ""density_lambda"": 0.04, ""dropout"": 0.05, ""dynamic_sparse"": true, ""e_layers"": 1, ""freq_use_phase"": true, ""horizon"": 24, ""loss"": ""MAE"", ""lr"": 0.001, ""lradj"": ""type3"", ""n_heads"": 4, ""norm"": true, ""num_epochs"": 100, ""patch_len"": 48, ""patience"": 12, ""phase_weight"": 0.15, ""seq_len"": 168, ""sparse_beta_max"": 1.0, ""sparse_beta_min"": 0.2, ""sparse_plateau_patience"": 100, ""sparse_step_down"": 0.02, ""sparse_step_up"": 0.05, ""sparse_warmup_steps"": 300, ""stride"": 48, ""target_mask_density"": 0.5, ""use_c"": 1, ""use_c_exog"": 1, ""use_t"": 1, ""use_t_exog"": 1, ""weight_gate_floor"": 0.03, ""weight_gate_sharpness"": 8.0}"
Sdwpfm2,360,0.5870024355,0.5578288213,-0.0291736141,SWAN_V3_FINAL_BEST,SWAN_V3_TUNE,E:/Project/TimeSeq/DAG/result/Sdwpfm2/SWAN_V3_TUNE/test_report.1775552728.autodl-container-8d624e9d85-a6740c46.22424.csv,E:/Project/TimeSeq/DAG/result/Sdwpfm2/DAG/test_report.1774686713.DESKTOP-FQEO3JL.13184.csv,"{""adaptive_alpha"": true, ""alpha"": 0.1, ""alpha_hidden"": 16, ""batch_size"": 64, ""d_ff"": 512, ""d_model"": 64, ""density_lambda"": 0.04, ""dropout"": 0.05, ""dynamic_sparse"": true, ""e_layers"": 1, ""freq_use_phase"": true, ""horizon"": 360, ""loss"": ""MAE"", ""lr"": 0.001, ""lradj"": ""type3"", ""n_heads"": 4, ""norm"": true, ""num_epochs"": 100, ""patch_len"": 48, ""patience"": 12, ""phase_weight"": 0.15, ""seq_len"": 720, ""sparse_beta_max"": 1.0, ""sparse_beta_min"": 0.2, ""sparse_plateau_patience"": 100, ""sparse_step_down"": 0.02, ""sparse_step_up"": 0.05, ""sparse_warmup_steps"": 300, ""stride"": 48, ""target_mask_density"": 0.5, ""use_c"": 1, ""use_c_exog"": 1, ""use_t"": 1, ""use_t_exog"": 1, ""weight_gate_floor"": 0.03, ""weight_gate_sharpness"": 8.0}"
Weather,96,0.0010157434,0.0006762164,-0.0003395270,SWAN_V3_FINAL_BEST,SWAN_V3_TUNE_R2,E:/Project/TimeSeq/DAG/result/Weather/SWAN_V3_TUNE_R2/Weather_h96_C/test_report.1775579475.autodl-container-98a74c9ae6-8384db31.14302.csv,E:/Project/TimeSeq/DAG/result/Weather/DAG/test_report.1774691853.DESKTOP-FQEO3JL.4224.csv,"{""adaptive_alpha"": true, ""alpha"": 0.5, ""alpha_hidden"": 16, ""batch_size"": 32, ""d_ff"": 512, ""d_model"": 256, ""density_lambda"": 0.05, ""dropout"": 0.1, ""dynamic_sparse"": true, ""e_layers"": 1, ""freq_use_phase"": true, ""horizon"": 96, ""loss"": ""MAE"", ""lr"": 0.0002, ""lradj"": ""type3"", ""n_heads"": 4, ""norm"": true, ""num_epochs"": 80, ""patch_len"": 24, ""patience"": 8, ""phase_weight"": 0.2, ""seq_len"": 96, ""sparse_beta_max"": 1.0, ""sparse_beta_min"": 0.2, ""sparse_plateau_patience"": 100, ""sparse_step_down"": 0.02, ""sparse_step_up"": 0.05, ""sparse_warmup_steps"": 500, ""stride"": 24, ""target_mask_density"": 0.45, ""use_c"": 1, ""use_c_exog"": 1, ""use_t"": 1, ""use_t_exog"": 1, ""weight_gate_floor"": 0.03, ""weight_gate_sharpness"": 8.0}"
Weather,192,0.0009244820,0.0008948539,-0.0000296281,SWAN_V3_FINAL_BEST,SWAN_V3_TUNE,E:/Project/TimeSeq/DAG/result/Weather/SWAN_V3_TUNE/test_report.1775554914.autodl-container-8d624e9d85-a6740c46.29685.csv,E:/Project/TimeSeq/DAG/result/Weather/DAG/test_report.1774692465.DESKTOP-FQEO3JL.26024.csv,"{""adaptive_alpha"": true, ""alpha"": 0.5, ""alpha_hidden"": 16, ""batch_size"": 32, ""d_ff"": 512, ""d_model"": 256, ""density_lambda"": 0.05, ""dropout"": 0.0, ""dynamic_sparse"": true, ""e_layers"": 1, ""freq_use_phase"": true, ""horizon"": 192, ""loss"": ""MAE"", ""lr"": 0.0001, ""lradj"": ""type3"", ""n_heads"": 4, ""norm"": true, ""num_epochs"": 100, ""patch_len"": 24, ""patience"": 10, ""phase_weight"": 0.2, ""seq_len"": 96, ""sparse_beta_max"": 1.0, ""sparse_beta_min"": 0.2, ""sparse_plateau_patience"": 100, ""sparse_step_down"": 0.02, ""sparse_step_up"": 0.05, ""sparse_warmup_steps"": 500, ""stride"": 24, ""target_mask_density"": 0.45, ""use_c"": 1, ""use_c_exog"": 1, ""use_t"": 1, ""use_t_exog"": 1, ""weight_gate_floor"": 0.03, ""weight_gate_sharpness"": 8.0}"
Weather,336,0.0014766423,0.0012760854,-0.0002005569,SWAN_V3_FINAL_BEST,SWAN_V3,E:/Project/TimeSeq/DAG/result/Weather/SWAN_V3/test_report.1775485049.autodl-container-98a74c9ae6-8384db31.38790.csv,E:/Project/TimeSeq/DAG/result/Weather/DAG/test_report.1774692854.DESKTOP-FQEO3JL.26920.csv,"{""adaptive_alpha"": true, ""alpha"": 0.5, ""alpha_hidden"": 16, ""batch_size"": 32, ""d_ff"": 512, ""d_model"": 256, ""density_lambda"": 0.1, ""dropout"": 0.0, ""dynamic_sparse"": true, ""e_layers"": 1, ""freq_use_phase"": true, ""horizon"": 336, ""loss"": ""MAE"", ""lr"": 0.0001, ""lradj"": ""type3"", ""n_heads"": 4, ""norm"": true, ""num_epochs"": 50, ""patch_len"": 24, ""patience"": 5, ""phase_weight"": 0.2, ""seq_len"": 96, ""sparse_beta_max"": 1.0, ""sparse_beta_min"": 0.2, ""sparse_plateau_patience"": 100, ""sparse_step_down"": 0.02, ""sparse_step_up"": 0.05, ""sparse_warmup_steps"": 500, ""target_mask_density"": 0.4, ""use_c"": 1, ""use_c_exog"": 1, ""use_t"": 1, ""use_t_exog"": 1, ""weight_gate_floor"": 0.08, ""weight_gate_sharpness"": 8.0}"
Weather,720,0.0016948191,0.0015281796,-0.0001666395,SWAN_V3_FINAL_BEST,SWAN_V3_TUNE,E:/Project/TimeSeq/DAG/result/Weather/SWAN_V3_TUNE/test_report.1775562015.autodl-container-8d624e9d85-a6740c46.43557.csv,E:/Project/TimeSeq/DAG/result/Weather/DAG/test_report.1774693437.DESKTOP-FQEO3JL.1152.csv,"{""adaptive_alpha"": true, ""alpha"": 0.5, ""alpha_hidden"": 16, ""batch_size"": 32, ""d_ff"": 512, ""d_model"": 256, ""density_lambda"": 0.05, ""dropout"": 0.0, ""dynamic_sparse"": true, ""e_layers"": 1, ""freq_use_phase"": true, ""horizon"": 720, ""loss"": ""MAE"", ""lr"": 0.0001, ""lradj"": ""type3"", ""n_heads"": 4, ""norm"": true, ""num_epochs"": 100, ""patch_len"": 24, ""patience"": 10, ""phase_weight"": 0.2, ""seq_len"": 96, ""sparse_beta_max"": 1.0, ""sparse_beta_min"": 0.2, ""sparse_plateau_patience"": 100, ""sparse_step_down"": 0.02, ""sparse_step_up"": 0.05, ""sparse_warmup_steps"": 500, ""stride"": 24, ""target_mask_density"": 0.45, ""use_c"": 1, ""use_c_exog"": 1, ""use_t"": 1, ""use_t_exog"": 1, ""weight_gate_floor"": 0.03, ""weight_gate_sharpness"": 8.0}"
